Customer ID,Customer Name,Customer Email,Account Balance
ad2d8739-9290-4035-b347-a5515aea56ce,Jacqueline Phillips,adunn@example.org,84597.76
373bfdcb-f028-4d38-a5ab-cbe957f48dff,Sarah Lee,carneycharlotte@example.org,76037.49
a1742670-e475-4099-a904-23128ab1ecad,Lisa Reid,williamsdonna@example.org,42636.59
4d6f7d83-0442-49e7-9070-c86bd0b05513,Joseph Schwartz,igraves@example.net,26632.76
4db43b79-14d3-4fe3-83cd-0377576f386f,Mary Patel,vanessamartinez@example.org,51616.2
e6f5d6fd-631d-4021-8fad-aa0066465f63,Paul Adams,fmercado@example.net,41088.48
1573232e-c3c7-414d-af4e-2e890c6f0da8,Frederick Dougherty,smccall@example.org,78596.06
7b2b8d39-ab55-4608-aef5-5a5653ad3946,Donald Sharp,toddfry@example.com,31027.96
855d5466-4942-4ccb-8cfd-8a3250228f31,Dalton Brown,rebecca44@example.com,48183.1
6c1eb729-69db-451f-ba90-3d64968d379d,Adam Copeland,esmith@example.org,58754.82
14321cf6-a120-4417-82f0-5dcf3b227ed8,Rachel Mays,ashleyponce@example.com,90903.18
252187d0-b774-4757-84e9-528cd248d201,Richard Collins Jr.,maria77@example.net,50964.0
6b098903-1f5d-4732-b618-7a23db06e3a9,Deborah Craig,saramorton@example.com,28901.95
28e57956-e802-4ca4-9fa1-000bab87a863,Alexis Rodriguez,cdean@example.com,75824.62
134263e3-405a-47af-8676-9ed70450c9f7,Eric Krause,lopezjacqueline@example.net,62218.53
bd481b5f-80e7-4be9-b119-a5303cd6445c,Thomas Huynh,aaronmassey@example.net,25800.13
d67038b6-c913-42d9-b235-b8bed8f89633,Carl Grant,carolinephillips@example.net,91064.88
f42b918f-c5f6-4fbc-b3b5-1a0d989e44e3,Robert Henry,dmueller@example.com,98295.76
76254ade-6dc9-456a-b739-bb16a5e436f3,Natasha Walker,georgesantos@example.net,81211.51
9501c4b7-b54d-41dc-95ac-3b1aefa6ea0c,Stacy Coleman,harrisandrew@example.net,90314.43
9779dca4-49ba-449f-a9f1-b233f733561d,Latasha King,fmills@example.org,31704.61
d732272b-bcba-414d-9171-c116c6729d7a,Kyle Robertson,jacobmcguire@example.net,73253.34
fe193244-b6d9-40b2-9cb1-7dd2a089e000,Jeffrey Salazar,paula80@example.org,89984.99
8c62d6ed-87da-43e9-9ec3-2bb2df9eddf4,Tammy Robinson,jeremyrichardson@example.net,68714.41
d1168018-8e38-46a5-9bbe-bef5dd201e7b,Dillon Newman,donnacarter@example.net,47742.13
a036fc4d-fb85-4089-91f7-e7abcbeb855d,Kyle Christensen,justin02@example.com,10969.42
a0ee4e34-ecde-4600-a046-ad8355edb2b0,Nicholas Martinez,rrhodes@example.com,43983.01
dd01e9f0-f8d2-4007-a6bc-0db977916bf7,Cheryl Brown,barrydavid@example.org,61477.81
a9a3e322-8374-4a25-8c65-66c32a442f3b,Mark Smith,peter98@example.com,91388.09
2be16bf9-695d-4bf5-80d2-05683da2a285,Leslie Russell,michael29@example.org,96694.03
7f5f1a3a-7f1d-44a0-a25a-8b96b1ea36c5,Jessica Adkins,wshah@example.com,48223.97
b0d1b897-cf6a-4b81-aaaa-5b99b7f301ad,Jonathan Perkins,zsmith@example.com,86665.68
a2dcc621-b4a5-46e5-8354-ea770b495194,Jason Knox,qgay@example.com,26788.74
f92168de-995b-408d-afba-75526c108f09,Kenneth Shaffer,eduncan@example.org,80697.75
f970b3b9-0f40-496b-a5e2-3221e936ab27,Jo Clark,kdoyle@example.org,55321.23
8941c7cc-d361-416b-8cef-8a7762f6c05a,John Tucker,cartervirginia@example.net,2390.13
d58c2fa9-893c-4ba1-a846-4b81382ffad0,Jason Cochran,tpowers@example.com,72250.76
6cde1b15-930e-418c-b046-e8bc82cebe16,Tracy Thomas,daniel99@example.org,40483.53
a757f5b5-1920-4e2e-b136-1d9aab5361ea,Kelly Blankenship,anna69@example.com,82659.65
82e75c0e-2885-4877-91db-e266aa9734cc,Mark Sims,ireese@example.org,67147.17
0a108e1c-9d19-4e25-b1cd-99723028f46f,Samuel Pena,maryrusso@example.org,1113.14
3546e021-2c04-44fe-8a03-5fb335d0cc38,Samuel Flores,carlsonbetty@example.org,49864.21
656bffef-ce6b-430f-9d04-0f4fb34496fe,Gregory Steele,austin85@example.com,86892.67
19904a45-d3d7-49c0-835d-42f3e6548922,Dr. Mary Baker MD,daniel92@example.com,25147.18
96dfa325-72b1-4dc7-9fcc-d9df4a847c94,Jeffrey Jenkins,jamesbarnett@example.com,33195.23
815f4536-2f66-443b-b8a6-88d6304a119a,Jennifer Gonzales,sarah92@example.com,87176.65
77127a61-ea33-4128-bc54-ae0ac004c1f7,Veronica Delgado,carol04@example.org,19915.64
9fdcd606-3268-4ae4-af56-f5c3dfb61b4c,Katherine Gomez,alyssa42@example.net,57183.56
818b931c-0733-4b79-bc31-0d16cec4bfe9,Jeremiah Miller,schase@example.org,24622.98
a21c1726-0b59-46ca-8001-063f3c283cc7,Tracy Thompson,rogerssarah@example.org,96786.48
f03b10b6-7c8e-4f56-beef-85efa746b6c8,Dustin Jones,gregorychristine@example.org,80514.77
6089cd3b-f653-4a8f-9b80-694feb439961,Sarah Brown,kimberlyray@example.net,45348.99
ff433027-bf41-4cd6-9f01-74681cd8c948,Richard Benitez,dhoover@example.net,8964.14
4eb7eb8f-5d9b-4234-8304-2b3c85bdd052,Donna Soto,michellehughes@example.org,32685.41
08f56d2d-d62c-43d5-907a-a0e5fa03fa1d,Patricia Black,tara93@example.com,51286.12
ea220d25-8b10-4a64-91fc-8ab1ff0d3cdc,Tracy Maldonado,kathyramirez@example.org,93350.55
2775b31b-dd52-47d5-b425-6f9efbfbe9b8,Leslie Cole,santoshannah@example.com,11796.73
1c0834f5-d449-4479-a2ad-7c92c1fced44,Edward Brown,rachelwilliams@example.net,55575.46
4952a4fa-1b71-4846-9501-bbf0f1dfc964,Lisa Young,craig18@example.org,70949.58
ae7f8af2-345d-4a26-ba5a-bcd549b83a71,Deborah Wallace,jennifer24@example.com,55196.65
39c3f22e-eb29-4ea1-ac88-93e8860355c7,Derrick Jenkins,peter03@example.org,81632.22
30672a2c-4899-428a-9a1c-ee995f3db676,Brittany Stevenson,greeneashley@example.com,54488.08
f433ef31-49a5-4eeb-8b87-799bf8d6bbfb,Ann Williams,stephanieashley@example.net,96420.02
03dc6ad7-b66b-4a5f-9ce9-6029fe50b80f,Adam Smith,ricechristina@example.org,60715.38
2b56f218-ae56-40b4-aaac-5cb5e040ca1e,Thomas Morales,waynewalker@example.com,59174.09
7c223abf-dc9c-48ca-ac19-a639fbf4a077,Ryan Martinez,camposalexander@example.com,45053.91
7a360471-6be3-4458-b6f1-bcd5ba3e2e48,David Larson,michael96@example.net,60032.4
3c9552cd-f2bf-418c-85e1-966b9cedd2ff,Beth Barnes,wrightcourtney@example.com,39105.21
48d523e9-68ac-497f-bf6b-077e6f4dd365,Jeffery Rodriguez,spencerjeffery@example.com,57989.45
d9811588-f804-4f4b-8678-118ec197aa29,Elizabeth Williams,griffindaniel@example.org,29742.62
dbe782b4-59d9-4de8-9308-171c8d81abd5,Bradley Jones,eric11@example.net,19749.74
2cd23a64-266f-476e-9991-38415bfe5fa8,Glenda Jefferson,brendasmith@example.com,19486.22
07e93a7f-27e4-4cb6-9a65-21e0d3189141,Robert Drake,jameslee@example.net,61664.54
da186dc9-5383-4cc4-9c6d-fccc10389225,Clayton Vang DDS,lynnelliott@example.net,66009.28
50084397-b90b-4a30-b286-13eabd7a4606,Mark Holland,xjohnson@example.net,48176.57
77ed7d06-869a-4856-96a7-c27ab0dcfbe5,Melissa Moore,devans@example.com,9892.61
03e5499b-150e-491e-86af-53d6bc6bc7d8,Christopher Powell,stephen85@example.net,76002.79
d016e9d8-66b5-4e49-a42d-1a05dd096b24,Courtney Parks,kaitlynrichardson@example.com,87800.27
6485566a-119d-42b0-8671-949ec1a8921a,Jasmin Miranda,oevans@example.net,92414.72
e28266cd-d896-4e1f-9fb3-4cead5fb2ea0,Erin Ross,terri98@example.net,84403.56
cb749549-5889-44c8-a4d0-f09fe25c9367,Brett Barajas MD,walkersamantha@example.net,89919.14
856cd624-5278-4fb0-9ac5-bd596e94254f,Jason Knight,christophercontreras@example.com,92385.16
5daa917d-7075-4e68-80cc-ca56a9b8da11,Kevin Ward,ajennings@example.org,54519.39
68bd80e5-1fd2-4750-a130-566e201de2b1,Felicia Mccoy,sarah91@example.org,39738.31
2b1d24d5-ca9f-4bc9-8118-447d942da309,William Walker,bradleyangela@example.com,70823.06
f1614cf2-50f0-4441-b67a-9d367b72c048,Robert Vazquez,brookspamela@example.net,28287.78
f23bdb6f-560d-44e7-a9d9-28bbe50856b7,Stacey Miller,melissatucker@example.com,81351.24
edbec59d-5f79-4dc8-8919-97b8f75f4c22,Maria Delgado,jeremywalters@example.net,85099.11
897da7e6-9db1-4aa3-a3b8-b067d9c46bde,Wendy Finley,jcastro@example.net,89608.86
d3b07568-5dd7-4bf7-98e8-941aa4838bff,Alexander Garza,linda85@example.com,59390.32
3346c341-a690-41d2-ad17-c02071fb0c88,Erica Gomez,coxaaron@example.net,95026.72
79f70f69-12a4-46b4-af5d-3aa546278236,Mindy Johnson,johnsonsteven@example.com,58389.81
d05bd4a9-e3cd-49ae-83f6-aacf34952a23,Tara Powers,boydchristopher@example.com,45605.75
471d27a1-125a-42b5-b3fc-ca14ea0c9ebf,Angela Miller,mary18@example.org,66364.29
80eb34b5-5660-49a9-9de5-26c2b3567f7d,Gabriella Carter,bali@example.org,99629.53
3a72a9d1-5722-4afe-83d5-76360ccb5cb1,Joyce Myers,floresmichael@example.net,91777.18
7c14611c-84e0-4e91-ad39-dac60e4ef118,Shannon Graham,lori46@example.org,79539.18
2e10f476-f207-4f35-8750-575fce0cca96,Daniel Burns,laura71@example.net,9154.93
06f153a0-4935-44c9-828f-3c3d61f8d414,Kellie Reynolds,hansenstephanie@example.net,61665.53
b5c4e639-b491-4159-968b-d2072603c707,Gary Wong,ngreen@example.com,49157.98
f37cead0-71a8-495a-b41c-59da6ee18b39,Aaron Sanders,kendra80@example.com,63384.59
92b6d3f1-ddc1-485f-869c-6c2814b2dd55,Michael Sharp,phillip36@example.org,84662.68
1ee5d18a-393f-4233-8d9f-3bd989e91dbb,Paul Parrish,cbradford@example.org,25060.53
9b9aa2de-dbee-4252-afc6-07eeb2172300,Debra Larson,walter86@example.org,73417.43
7613f021-c4c6-47cd-8db3-4de8c4a676f1,Rachel Graves,susansanders@example.org,12596.3
e827298d-d743-45d0-ad06-530f2ac5a829,Jennifer Norris,connorsanchez@example.org,22825.59
d12f9a4e-039b-47a4-ad10-cd0d4809ed87,Jessica Gardner,osanchez@example.com,79663.71
fff2e98a-e920-4554-b370-1b346b46891c,Brian Williams,nelsonjoshua@example.com,33921.08
7fc682fc-1cef-4a56-9c8d-29a6e5cf5b70,Laura Marquez,williamsjulie@example.net,81775.4
25f97a9d-46f1-49fd-8400-c908774b81fd,Sarah Anderson,brycejimenez@example.org,10960.14
cbb7c585-8d3a-43d5-9cf8-f79dae7001d6,Jennifer Hill,laura32@example.org,15489.49
b809e8f6-f14b-47a3-b191-4fd0238ece63,Charles Blair,zmckenzie@example.com,70069.39
da9300d7-26ea-4e0e-a132-76626a7417aa,Scott Franco,wgriffin@example.com,5478.17
eab325f2-6ab0-4f41-a4e5-9511bf36db7f,Melissa Powell,landerson@example.org,57812.74
6dc5ffe4-303c-4923-b3f8-ac4353d1f050,Kimberly Navarro,emaddox@example.org,91091.59
0ed2dc46-a3c5-47f7-b1f6-2144ff1e80e1,Michael Marsh,henry14@example.net,53885.6
a6e501a0-6654-48e7-b98c-9523cf23172b,Ryan Frey,dylanmcfarland@example.net,68378.32
713480bb-d212-41f8-a67f-9420a1c1b527,Hannah King,wlane@example.net,3642.98
b6451651-ae32-4da4-a7ba-4238db46571b,Dustin Howard,benjaminkaren@example.net,63864.99
7c197fbc-c9d7-4d77-9dc5-6a1cbeb86392,Zachary Jensen,olamb@example.org,61027.5
e1a1067d-35ee-4349-899a-594de714dfbe,John Harrington,bradleytami@example.com,58019.34
6e99c966-3fd1-4b90-977a-300d4162f29b,Kelly Ortiz,hsmith@example.net,39729.73
756b1c92-640c-4eb3-a673-ec45931d2ab0,Wesley Smith,diazchristopher@example.net,37643.85
4fa13a13-bc17-4834-bca7-e870d11d9a0c,Megan Sanders,branditaylor@example.com,98071.15
6d7f0f37-1969-4adf-813a-ddc307f33525,Wendy Moss PhD,stephaniemorrison@example.org,4602.81
9cb8dd2c-7015-4beb-a953-61aa7d3cfdf6,Austin Trujillo,fdunn@example.org,3142.01
75cf6dfd-5ca5-42f4-a1f5-0b143126be5f,Lori Gray,fisherdaniel@example.com,96142.1
8011987a-a601-4c23-8536-60274a54ae56,Nancy Michael,jenniferjohnson@example.net,19312.22
849d59b9-9840-47db-b8b2-72deeb986ad0,Samantha Campbell,melissa87@example.org,13265.62
83a8ae17-4cda-4fcf-9a7d-d9cae6308de9,Mark Nelson,joseph40@example.net,21847.07
33182df5-197c-452e-bf60-559e15c3116a,Kayla Johnston,austin82@example.com,80273.91
3762d472-bfa4-44c4-8f32-6afc39b798f5,Juan Oconnor,yperry@example.org,93759.95
5ee20600-6587-4f62-bec9-599308da699e,Stephanie Sims,dadkins@example.net,3255.47
331acd86-dda0-48ee-b9a1-469654b347cd,James Smith,hsantiago@example.com,43136.26
9fc709f5-ce87-4b6a-91ab-215c6b52d37d,Kimberly Dickerson,yrivera@example.org,11048.52
7af74db3-8ee7-46d5-880c-ed85096e1422,Megan Jackson,randyclark@example.net,26732.07
645d0254-41c0-4d86-b047-fdd08126b12c,Ann Clark,joseph45@example.com,22862.1
ab559d4e-7998-49a5-9704-4164dcaec897,Rodney West,chapmanmatthew@example.org,65045.65
f3b5fb50-352a-482a-bf13-5f7402b1d682,Emily Thompson,fknight@example.org,35679.1
240b2411-95c8-47e6-b99a-cb3d6785228b,Tammy Baker,robert87@example.com,18851.47
5b35acaf-5ae8-4d3c-87b1-bb1e5463d431,Connie Lawrence,joshua04@example.com,50860.01
aa7b7a18-729a-4929-aec3-cf01a14db5f1,Robert Jenkins,amanda15@example.com,4898.49
3a494b16-e65f-4b4c-a1bb-79bfb7860997,Mrs. Theresa Nichols,sdavis@example.com,10991.2
2df4bbf8-1add-411e-9974-ea52c66191df,Gina Gray,collinsashley@example.org,98835.28
73cde019-dd78-4148-a401-c215595e0e31,Michael Weiss,brittanyburns@example.net,20736.22
8087ff2e-528e-4973-b0b1-4d2010176c94,Morgan Cantu,jerry28@example.org,36496.97
61738140-bfbf-45cc-a70d-93742562b3d9,David Smith,owensryan@example.org,73428.23
21d435ae-7c42-4433-b211-412fd60477db,Kyle Park,michaelmoore@example.net,83994.33
a89c663f-be5c-40d1-a412-f332da36d742,Carrie Burgess,gphillips@example.org,91929.72
028330a3-2f30-409f-a65e-f4e5bf36e08f,Joseph Snyder,raymond42@example.net,17773.04
1142b542-9c24-469b-a213-37a19fd48050,Megan Hall,afreeman@example.com,67591.42
5736d485-b4cf-4d8c-b800-070c14a79859,Wayne Jones,rroberts@example.net,96688.34
ac75ef23-b382-431a-bfb3-fa0fa3334f5d,Tara Dickson,samanthasmith@example.org,6747.04
94908c2e-6543-46d9-9ca3-9849fb077d7f,Paul Herman,william28@example.org,67943.98
313c116f-32c7-4243-936b-6e0a9033295a,Michelle Martinez,glenn34@example.com,84697.03
222f2efe-ce44-4b3b-ab4d-078b2e1d006a,Bradley Randolph,stacy07@example.net,34888.94
385be600-49d9-4eaa-92bf-b4331dfa95ed,Michael Moore,kellydonaldson@example.net,25818.05
e950b85a-18d9-403d-b0d2-898347be34b5,Mark Gilbert,kvance@example.com,60082.35
28eefa38-2aee-4b56-8de6-13c6e25f65c9,Alicia Sanchez,stonerobert@example.org,44789.09
b5862c85-1bcf-4970-a43b-7f751067f39e,Carrie Hunt,tonyathomas@example.com,18307.13
56120538-9ce6-4c56-b9b6-13aaa61b2dd0,Angel Scott,hsandoval@example.net,47690.92
d18f6676-2180-4519-aac0-f022abc734ea,Jose Watts,scottkelly@example.net,41580.63
b0857627-5079-4d27-9afd-3f3653258f06,Scott Jones,duranjames@example.org,57342.16
b78ccf51-0a14-4093-8b81-20ac5f9f9925,Guy Harrison,gabriellewilson@example.net,51351.41
4542d9b0-7f5c-418e-90ca-1325e197b409,Kevin Hill,herrerarobert@example.net,31833.15
259ca7a1-e323-41a6-aeb0-9bb0063d91e8,Tina Harper,hday@example.net,36358.02
e397897a-188d-447e-ba31-5b698b334e06,Lisa Webb,lisasanders@example.net,83928.46
c54c9e33-8365-4d74-ac42-530a54625f24,Thomas Rice,jenniferstone@example.net,25842.33
8a71363d-a226-4288-ad99-03be368289f0,Kara Chapman,qfrederick@example.org,56499.42
21ab24f5-8b9a-456b-805e-b677ba081bd3,Clinton Morrow,tonyabaker@example.org,2231.2
fa8bc109-a871-404a-90bf-aee4981c452d,Nicholas Hubbard,jeff65@example.org,74415.86
c53d7d99-c73c-40d9-9286-ca9834024ece,Gary Simmons,brownjose@example.net,34255.74
5b9a152b-db7c-4c1f-af0a-a849955fcd02,Jennifer Bennett,imejia@example.com,5523.95
48b0f413-330a-4661-9128-0c6150ed9c52,Christina Underwood,jameslauren@example.net,28807.43
40c7064b-43d2-4b03-b5e0-62b37e7f3b54,James Mcgee,jowen@example.org,24772.91
e24874f7-bbb7-48fc-81ef-93a7e1d68a7e,Nichole Kelly,rodriguezmichael@example.com,95359.8
1a2b08b9-8eaa-472a-ac85-d5d2e1c9f761,Danielle Novak,stevenespinoza@example.org,35870.33
670158b4-34b0-46dd-a4e0-26349ac5fc06,Linda Johnson,kaitlyn15@example.org,29499.91
8391008d-5331-4d3f-99e5-fb0ad6df5b17,Cassandra Cole,kgarner@example.net,36560.92
279e8203-a90b-47e4-b647-328ec6d611bb,Jamie Pierce,davisdavid@example.net,94743.68
a277f571-5aa9-4fb2-8858-09598385b21b,Jennifer Kelley,taylorjohn@example.org,63741.04
99b0252c-c5e5-4d1d-938a-23d525ed49ae,Gwendolyn Aguirre,pward@example.org,62486.61
2d300a03-ca78-461b-bfae-2335ea8fdbab,Cody Mcintosh,juandennis@example.net,71846.32
1a203b4c-8b21-4659-86ac-a493847d5239,Lauren Calhoun,emily30@example.net,39413.71
e3d42c47-90a1-47cf-9992-f3af2997008d,Joshua Rowe,alexandramitchell@example.net,42027.38
ba79b9b3-6af5-4ff1-a143-a91fb0b90e9a,Matthew Walker,zkeith@example.org,65432.45
42ebc33a-2688-4459-b51a-57623848dd90,Randall Marquez,kirkjulia@example.com,1150.9
8b9c1efc-242f-4dd7-9220-6b5b921a0fd7,Michael Carlson,heathergonzalez@example.com,20038.64
47811173-763b-490f-941d-32fb986b6031,Nicole Shields,spencermichael@example.net,34105.77
a8b98ab9-0c2d-450f-8958-c5701e1547d9,Nathan Roberts,piercebrandon@example.net,24702.18
40052c66-7be4-4c8a-ac01-4d67c9227f38,Kimberly Wilkinson,morenorobert@example.net,64102.54
28e41710-47e5-490a-b3fc-0a7f60e8ef00,Leonard Wall,xmitchell@example.org,38486.16
5d5c3626-39a4-4a1c-8ba3-ee9f6e787590,Katherine Henderson,phillipsdon@example.net,87666.92
b92d28a2-db3b-425a-86af-2e79990b39b2,Pamela Jones,castillocatherine@example.net,57246.99
7d5477d9-880d-4680-90b4-999aedb4e966,Kelly Mcguire,floresdavid@example.org,42026.23
f8c3147a-58be-45a8-be9f-07cff48253af,Christopher Juarez,robert51@example.net,40824.44
87d77fe8-06b9-4b35-9301-7afeba075375,James Conrad,cathy54@example.net,70481.13
02d369db-cc6e-41ec-b6d4-91b79d57b89f,Sandra Kim,jameswalker@example.org,42404.43
47c3b6da-bc95-492f-946e-2d35a05a8548,Kayla Davis,juan39@example.com,66557.39
2cfd55eb-4b07-4edd-a971-cc4b7870fa4a,Brian Johnson,kelly93@example.com,5631.19
60a80830-41a3-4256-929f-1e30d7d76059,David Faulkner,vrose@example.org,45089.87
f3a66abc-6a22-4eda-b514-fa8719c7989d,Timothy Wiggins,phillipsmith@example.com,26663.47
39c44694-6fa4-4f5e-a82f-7adab15c6395,Peter Lee,krystalsmith@example.org,16610.97
564e21a4-df02-4e5c-9f81-4b24fee6a589,Pedro Shaw,garycollins@example.com,53229.74
57b542ca-90f8-47bb-842b-d98842246b26,Lucas Morgan,mking@example.org,49239.29
4024ca72-263f-4413-8dcb-6e412ca1bb87,Jesus Torres,lopezjaclyn@example.org,56579.09
8c3193c4-63c4-4bca-899b-02eca151b79e,April Walker,knapptravis@example.com,75792.99
b2351f3d-b15d-4380-af5a-9e90b73be6a9,Oscar Walker,michaeltucker@example.com,88503.64
bd40ba3b-5d10-4fc9-ad5c-8cc191b5ea43,Denise Thompson,brianvaughn@example.net,49963.68
f96ce590-1161-419a-85ff-07c6aac0deba,Stefanie Delacruz,allenalexander@example.com,31893.77
2c18ffd0-c315-4c46-a5ec-550f87db2af1,Dawn Miller,kelly17@example.org,47222.33
bc40f3e7-a6c9-42f5-b7cd-179e901be5c9,Robert Mooney,david73@example.org,81095.54
282ca2ad-251e-4991-80a5-db55b5e49419,Michelle Carroll,ucook@example.net,87626.62
d7aa892c-a4e8-45c1-a8f5-6f02b49aebd6,Spencer Porter,ritterkevin@example.com,81429.08
f159454d-7dac-43ff-89c7-66d3ede20f42,Brooke Murphy,wwalters@example.org,19612.13
50dc4077-ad00-44ac-9f32-012e80d2af7e,John Wolfe,brucevaldez@example.net,99942.62
df11367e-7534-4a21-bb1a-5fbf2d37812b,Robert Lambert DVM,rgraham@example.net,63675.79
5d76e524-7e5e-40d1-9406-6cdb5652d028,Gregory Bowers,whitesteven@example.org,9263.24
65cc7a8f-f780-4fbc-918f-f8c0c10aec9e,Julie Rowland,ophillips@example.net,72829.88
b97bbadb-3225-4645-8908-95a4bcfc8ad6,Ronald Hill,gonzalezmichael@example.org,98695.33
a4f7752e-77f0-4cb8-9dea-94545c9d2203,Amanda Davenport,brianscott@example.com,40779.87
69a16301-6e74-4ad2-b7d6-f8846fd9eb62,Misty Ross,egordon@example.com,68172.99
203c6dc9-6d7c-4348-a906-4aac1b803ebb,James Kelly,linda01@example.com,32301.54
ab86178a-e190-4339-a61d-5b1fc1046a68,Elizabeth Santana,munozjennifer@example.net,22138.94
ac558d11-a329-449b-907e-fa880926d54c,Mary Haas,hdiaz@example.net,72015.09
a209deb0-de5a-4464-a449-a1379029be72,Theresa Olsen,freemanbonnie@example.org,1233.4
5df4742b-8f69-4a4f-bcb9-6faa637c9a3b,Karina Ferguson,diane54@example.org,82450.41
cf83d4ae-d1ec-4a63-9b42-77ce80da21ad,Sarah Harrison,joanna17@example.net,53306.25
d672cfeb-fef8-4ed6-8efa-6d51c0445f1a,Emily Moore,brooksshelia@example.net,10680.65
6af63c3e-ebcb-4b26-b95b-2b5fdf89776e,Sheri Walker,georgerios@example.net,12771.49
46b45159-b6e9-41a7-b047-3eda79f92074,Benjamin Hurst,dustin45@example.org,65277.28
5af001a5-427e-4ee1-8ad6-7a10b21554cc,Tabitha Lopez DDS,yharris@example.com,87491.73
ba338dd0-9e77-4ca6-88f9-477d66a0aec3,Julie Beard,teresacurry@example.org,28718.29
197a47f1-d955-4599-b485-24201c8bfbd2,Sarah Richardson,chelsea39@example.net,97873.0
7f233a57-854c-4eb6-89a9-970553358b4e,Brian Cordova,joseph55@example.org,10917.89
c425e4d9-47e8-4372-87e7-f28ebc284cdc,Emily Rubio,jswanson@example.net,85539.87
de86cf09-d0dc-4177-b138-0a6dbc2a5d17,Cynthia Castro,bentleyamanda@example.org,40272.92
19a39c00-1e37-4133-b4a7-84abdc907de8,Mark Clark,dianaadkins@example.org,9053.2
43a3c964-0734-4557-aa1a-78bb40d1a546,Lisa Wilson,abell@example.com,28196.67
d41b4730-bfc9-4d85-b43a-3178684256da,Natasha Cole,dmorris@example.net,45844.84
1df725dd-3475-48c3-b9d3-a8777342788c,Russell Edwards,elizabeth58@example.com,79441.81
ece25281-4f4c-45ab-85e3-8e00cca832a2,Cynthia Williams,yodermark@example.net,86274.63
2a93460b-c9cf-45a2-a82c-47a533f2ca09,Elizabeth Cain,smithlaura@example.com,14208.63
462beca0-5652-4a26-bed8-48a9e6749b73,Jessica Best,victoria33@example.org,52565.69
a69e19fe-82d4-4759-9f2d-9d694c35c9e5,Richard Mccall,wendyhicks@example.com,65427.54
f65fd085-a3fd-443e-8539-4b0497856b19,Jennifer Garcia,bakerdiana@example.com,35358.25
5c221c36-2aa5-41f8-879b-737393f4763b,Melissa Stuart,maria91@example.net,87314.52
13ec2a34-73cb-48a2-b0e9-229e854c8dff,James Coleman DDS,dbautista@example.net,28562.57
d30b6670-caa2-42ad-a85d-594cf3376b41,Samuel Martin,uharper@example.org,2838.86
740fddd7-d79c-4d60-a147-8e3a57e60345,Dakota Wheeler,nicholasharris@example.org,5025.66
91b85cfc-6e1f-45f5-a0b3-5929bc2ac181,Sheila Roberts,sharontodd@example.org,68418.68
3f04359a-b063-479a-9423-55308d790c22,Leonard Campbell,williamjohnson@example.net,56277.22
3455fd77-3d98-4d49-bc5e-59f933dbb397,Brittany Francis,rodriguezerin@example.net,94703.75
263c5896-12e0-4d1d-9dd7-df6d740d0445,Alexis Huffman,gyang@example.com,93905.44
633546f0-ceb9-4bca-9683-0d984d4be405,Patricia Galvan,farrellmichael@example.org,91075.27
315d19d7-439b-49f1-a8fd-2a6564dbaad0,Eddie Walker,susancantrell@example.org,5158.45
126afbe6-7e92-4cf6-a649-7bcdf1535b7e,Michelle Lawrence,pachecokeith@example.com,75164.35
d570e35c-1d37-4cbf-9b0f-aa61e7835a3a,Michael King,oturner@example.org,70431.16
ded051b4-dced-47dc-8985-c5ffc48e0e2f,Kimberly Walsh,daviskim@example.net,65880.82
63c1074a-bcad-40db-ac35-4cfc08e21432,Chelsea Rice,rachel88@example.net,71523.41
2fbd94a0-1fc1-4a65-a51f-beb770d0b7d3,Mikayla Middleton,edgarmoreno@example.org,90368.3
3b4bbc85-e5ad-4ed9-9fde-2f19671c1999,Ruth Smith,megan08@example.com,64373.98
59baacdb-6bb7-4b93-a073-b4f09c0656f6,Michele Matthews,rbrooks@example.org,37872.48
cf8ed053-fa9a-4686-a555-57addb8a2c33,Mrs. Stephanie Davis,catherine62@example.org,54254.95
03fa45e2-10ff-4d98-a5db-24817ff3ec7f,Robin Myers,adamriley@example.com,21576.57
3aa58073-fb4d-4ee2-81fe-364b6b825cd8,Jackson Velez,jeremynichols@example.com,59125.42
f426bcb4-f096-4e5e-ad4b-3bfd2dfe0eba,Molly Galvan DVM,mckeeashley@example.net,1880.81
3b0dc28f-19ac-4712-8221-374fe96c1333,William Roberts,ericksonedward@example.com,15951.29
e98aba45-841f-4ba5-96d9-21932f2d32d1,James Kent,david77@example.com,34007.43
fe04de13-33fb-420d-b8f0-6ecac83a1b68,Noah Alvarez,careyjennifer@example.org,79172.69
7f49d6aa-b28a-49df-b2c0-7ac2763afa1f,Zachary Moyer,nmiller@example.org,72131.44
2b1f2f82-e071-41a2-8950-c4a09f07b6ff,Elizabeth Tyler,richard42@example.com,34487.34
7625a1f0-2e45-4d2a-95f2-44ba120498c8,Eric Lewis,wrightdaniel@example.com,62433.27
70cfca5d-1dc8-44b8-810a-ee63e1cd375f,Justin Galloway,robinsonmichael@example.com,5079.09
ea262c48-bf9a-4979-859c-7c4eebb6b2b7,Shawn Gonzalez,mgross@example.org,17222.19
57ea0152-83dd-4b68-9c0e-b2da7cbf2e89,Jennifer Fitzgerald,claytonaudrey@example.net,98209.49
9f8ccda7-a4b2-4c1c-9deb-17d91be68b2a,Timothy Stewart,ellisjennifer@example.org,29663.55
97fb5025-d56d-4399-afb4-42740d2060e2,Laura Owens,jessicabrown@example.org,40084.41
749ad2e5-e80e-4ea7-8921-3f5bcfe2e819,Benjamin Perez,brittany14@example.net,55299.95
8d99b0aa-b3da-4e5f-aad9-dc5703e6460b,Devin Adams,hicksaaron@example.org,30047.29
f8813bd9-f68d-4ec5-b2a3-98469393608b,Anthony Perez,housedavid@example.org,48328.4
a9e136db-9c72-4065-afe1-089b0b672c07,Jacob James,douglas27@example.org,24730.9
6184933e-57a8-4f4b-b0e0-3a6a5b067235,Kimberly Johnson,asmith@example.org,5777.38
4c809f09-a5c6-400e-871a-6c2ab1da3d22,James Taylor,williamsonrebecca@example.com,18779.1
11d3d2ea-dbc3-4378-ae08-b124c38765cd,Roberto Lee,michellecollier@example.org,52781.97
69ff040d-4ab4-4d9b-8e4b-b350e84f04bd,Daniel Melendez,richard30@example.com,8015.43
85cc6728-47cb-4628-8314-dae2447e9736,Dawn Evans,qsantiago@example.com,40913.75
be144fab-e003-4329-852b-d4e5a1e1c901,Dale Weaver,ikane@example.com,33523.55
9858340c-204d-4858-95ea-f4d013cfac10,James Mcclure,jhuerta@example.net,42057.44
25fca551-3b55-4ddd-bfc8-e483007ea4f2,Sean Russell,lyonsandrew@example.org,10840.63
596a3903-b288-4a6d-b4e0-5f7639580073,Kari Gonzales,jeffreymckinney@example.org,90957.1
1009efe2-e86b-4dca-9fef-16a3d388cd63,Tonya Leblanc,lpeterson@example.net,47926.46
271f2761-53f1-4337-a1cd-b4934cac2cb3,Steven Durham,xlewis@example.org,84243.98
26124e58-116d-441a-9356-2e27f73d383f,Lauren Leblanc,brady70@example.org,97646.72
ffb5a4a5-3235-4f03-b1f9-4429faeaf94f,Jonathan Smith,karen25@example.net,35021.51
2ee0ef07-cda9-4c31-9d7a-60ad16320815,Jeffrey Johnston,allison65@example.org,48429.57
4fa53c6d-c214-4535-bc10-034547386fa2,Jerry Jarvis,sayers@example.com,70259.93
e8e74d70-798d-47ec-9546-9ea9452f5bf9,Vernon Romero,jason91@example.org,43227.0
7cec4f7c-8240-43c7-a9b9-cf58bbe11f00,Lindsay Walker,brandy45@example.net,30888.41
19df7566-a845-4c76-96f5-8bb239903775,Miranda Colon,staffordchristopher@example.org,73740.35
6d4ba75b-1457-481b-b2e7-a12fd5008239,Anne Garcia,romerojuan@example.net,89545.58
6fe292ea-4204-4088-9522-ca2f861fd55d,Jessica Jordan,faith28@example.org,92049.2
9a011977-7635-409a-bdf4-a094aee6b9a8,Tina Leblanc,vwright@example.org,63047.46
534590be-cb92-40f0-b167-c0c2f7f50f6e,Dr. Miranda Valdez,jenningscatherine@example.org,38181.56
c7f7595e-34d2-435e-a659-56914a118d52,Michael Williams,allisonjason@example.net,97481.49
3650b4b6-4ee5-490d-82d2-72e544608752,William Fritz,joseph76@example.com,64248.97
4d5b0353-35f7-42a6-b9c1-a1442fba01ea,Peter Love,powersbruce@example.net,7517.63
ae0b7282-6e08-4ba1-9109-6119b390f7e4,Jessica Gill,amanda04@example.net,9382.29
f325f9ba-b58d-4044-b4a3-000f202254f2,Robert Oliver,adecker@example.com,75237.09
20ddef19-b411-46bb-b494-6a2c5698b310,Alicia Willis,esimpson@example.org,7054.46
b4eb215c-863b-49c8-a872-afe964daf661,Jaime Martin,rachelrichardson@example.com,1777.25
9b9fb0d2-e10d-4b1e-928c-f00855b04317,Alexander Sweeney,stephen91@example.com,39986.99
5a5bc271-61c4-42ca-b73e-7c68d4457abc,Teresa Walls,april81@example.com,52381.37
c937512a-df74-4d0e-b6b3-fe6bcbbbf7e3,Karen Hays,debbiegonzalez@example.com,45405.88
df307d67-fbfd-4346-898b-db64b1fecc49,Jennifer Bailey,byoung@example.net,49373.26
b41a423f-c16c-442d-ad5c-ef52e4ebe170,Benjamin Garza,denniskelly@example.com,58903.98
e3af7edf-d76e-4352-b0d1-a134f11bca68,Natalie Hopkins,dominicsandoval@example.com,68250.95
0b7a9401-903e-4de2-8fcc-eb8307c7e1ed,Shane Willis,gregory26@example.com,42880.77
6f99a07a-a6dd-415b-8b87-21efd706024c,Jessica Harrison,jenny14@example.net,37464.81
226d1dc5-65c6-4106-8c7d-5014c5587187,Bradley Wilson,lfrancis@example.org,98857.45
02ded2bf-5ab4-4b94-b368-c9596eb40e62,Whitney Buckley,garciaashley@example.net,26830.74
d07790b0-2083-4ee2-9c9a-89b811a8dfc2,Howard Young,jwood@example.org,77932.92
16fa3c41-0656-4fc3-ae77-db5e7c20abda,Matthew Morgan,alvarezdylan@example.org,43690.88
8e335f50-cc45-4b53-963d-b16f784087a2,Devin Watson,kristastephens@example.org,36493.52
bc062a97-a0e6-4061-a866-d199a42b759a,Rose Walker,rodriguezjessica@example.com,7321.94
cee4a617-434b-46a0-8e7d-4caf77e380b6,Justin Johnson,robertlutz@example.org,86494.32
6b8bcf20-0f61-43ac-b30d-0aea389b3030,Justin Taylor,zbarnes@example.org,70498.41
b23eebd4-b54c-4f02-8a67-e27a8bbf2b10,Drew Montgomery,tapiawilliam@example.net,90398.06
df20b03a-5240-444a-9016-40afe9dab670,Cassandra Kemp,jameshall@example.com,45709.57
5cbb23cd-2287-42ce-bfd0-4a6e7f4710a0,Patricia Martinez,sawyerrobert@example.com,68015.18
b86b5584-b078-4976-8f59-bfc31156c341,Andre Carson,charlesgibson@example.com,12772.12
b72fd5b6-b4cc-44f4-a270-591dfca7d539,Jerry Mendoza,vhamilton@example.org,40397.41
b54acd9e-67cb-4a03-affc-8a9c4e3bd20f,Dr. Natalie Hill,rodriguezmichael@example.org,21515.97
2346aca3-1a33-4c65-a6e0-3ca5e0ac4a9d,Eric Fernandez,sherialexander@example.net,5168.04
394effa6-5d26-44c8-92ce-5618185da36c,Destiny Smith,coxjonathan@example.com,94848.17
62d24a22-ca12-4227-9e1e-1523577e8b70,Patricia Dalton,wrightjordan@example.net,22373.54
a85ba9aa-4de1-4a9a-91ae-7fea4f08191c,Gary Nolan,lorrainemathews@example.net,15489.09
fa264364-4135-418a-af74-2f63b8112b9b,Madeline Hunt,georgesalazar@example.org,20599.03
0ba4beb2-25a6-497c-9426-83b54ac9da34,Rachel Hill,scamacho@example.net,38425.16
bb33d3c4-f115-4050-b152-51a5ce2ef81b,Robert Reed,anthonychad@example.net,55092.73
841b6429-1c5f-4e10-9155-f0922a986f40,Randall Miller,cmiller@example.net,15982.1
2dfde8dc-1391-437c-b46c-3e5f01a4b5a5,Trevor Freeman,johnelliott@example.org,98880.3
d507d92a-d78a-47e2-8866-7ab4528d324b,David Holden,ppope@example.org,98315.93
37f12e53-fccc-4bc7-8ac3-25f40e75cfc9,Nicole Guerra,angelafrench@example.net,15691.8
61942212-b45c-4e5c-9f8e-aa83802a4082,Tina Henry,abigailrios@example.com,41184.78
016aa2e4-89b9-48f0-ba43-ec32b27807a0,Rhonda Hansen,ezimmerman@example.com,68313.02
71c0c348-8f0d-42a0-a313-324857f65774,Melissa Powell,grobinson@example.com,87888.0
efbc8fed-bfec-4a65-9658-cb658179595e,Norma Peters,sandrachambers@example.com,50045.19
fc5935c3-3a70-4ef0-9467-0bee6af84b07,Whitney Riggs,amanda52@example.com,91787.62
650d824c-11c0-44fc-92d7-919b57e896a4,Kevin Hill,jacqueline77@example.com,32923.57
6eaee40d-3b88-4780-ba92-0b790c763d00,Brian Stein,moseskaitlyn@example.org,50345.65
857976e6-7943-497e-a496-38c23c11becb,Ryan Pugh,nicholasday@example.com,50366.01
495f33b1-fc31-426a-92c2-147350e9b250,Michelle Hubbard,tracie84@example.org,67336.75
211a98a2-79e8-4299-83d7-5f578023dea4,Steven Reyes,david81@example.com,20997.14
b0644ea7-2d69-4516-a9d0-7d89c879829f,Julie Murphy,jessicaclark@example.org,61367.29
34f3e291-f2bb-4d10-a486-6e82115717a5,Jordan Lee,josephlopez@example.net,22658.54
202b81e2-6a27-4d3c-af3e-f5140690770f,Timothy Davis,royanthony@example.org,34681.81
d6c89a7c-34bf-4cac-8881-eb56e6634070,Tyler Moore,abigailochoa@example.org,96294.08
3b34ed7a-3aa9-41d0-9cbb-5d6f47be862b,Tracy Henderson,westmary@example.com,90001.8
9f316ed3-4442-45da-a89e-c2932bd8fb2b,David Morales,christina28@example.org,81993.72
13a2a866-7790-4cdc-a3d4-c623b011a7d3,Sara Parker,bethanyleon@example.org,4511.36
605d20ec-360e-409a-a9db-489873d7eced,Rebecca Luna,mnelson@example.net,15688.32
b5fd60e7-572d-4582-a9ad-d7fa7b1209fb,Stephen Velasquez,schristensen@example.net,26431.31
a39b7c09-64bc-45c7-8bb2-5589e81a9f8d,Keith Williams,msimpson@example.net,78632.49
0111e1f3-0da7-4cb2-b9ce-5fa186c0c3eb,Joseph Perkins,arobinson@example.com,84391.0
0b48e3e2-9c77-41b2-b0a8-2b94836d562e,Maxwell Larsen,pamelalee@example.net,58711.87
c4f8292d-443d-4435-9f43-f2c363706c0e,Gregory Hubbard,kelly23@example.org,72095.03
65e0a35a-4669-4e07-9ef6-fc3837a24e54,Curtis Wilson,dwarner@example.net,80898.48
9675e241-b736-4cf3-a526-a525243505ff,Monica Mckinney,eallison@example.org,7569.55
6ccd13a0-11a4-4815-a38f-36eabd92f7a3,Michelle Mills,yneal@example.org,9379.67
57f68635-35c5-4cac-bce5-79d0fad83cfe,Joseph Reynolds,ahale@example.com,87020.64
160f12ca-74c7-4f7d-8b53-54d2d7fed7d6,Kelsey Waters,michael34@example.net,4902.17
e7058952-e218-4fdb-bcd0-247a442844ae,Bradley Luna,qmartinez@example.net,23283.97
78e4a0ac-4ef9-40c0-9e8d-f57d18c4bb10,Melanie Vega,amandaharris@example.net,5022.57
889581d6-889c-445d-af1b-faefba1d53b8,Thomas Lopez,lwu@example.com,2513.23
088650cb-8b5f-4be6-a75e-9b7e5b054745,Jacob Guerrero,lynchlaura@example.com,84551.51
d8209a52-6877-42de-81b7-0caf4aff68ba,Phyllis Schultz,bhobbs@example.com,33728.84
0a64b20a-e41e-45d3-a17f-db3091429762,Samantha Jones,acastro@example.com,16908.32
5bc0ae06-7621-424d-a922-7de747200b60,Alexander Williams,lisa41@example.com,15733.13
d9e4353b-d268-4a6e-a74a-98b4c3ca848a,Tyler Campos II,sstephenson@example.org,65952.28
0de449a0-409b-4ce4-8415-69445e0878d2,Lindsey Kelly,lorettasmith@example.net,96891.23
744d2c73-fc56-42f4-bd8d-23c02bdccfd4,Martin Nunez,tiffany68@example.org,50994.97
585b97f6-ea9a-4ff3-9b31-98a297819227,Scott Mendez,crystalbennett@example.org,90207.96
f5ed3225-61e4-411e-943c-0cccbe2f8f15,Matthew Benton,wdonaldson@example.net,50740.43
6dcdd994-334e-47a7-9e6e-1a314ce29707,Hannah Hendricks,dthompson@example.com,57813.38
2efbc395-10a0-4938-a0e2-0dce84102fb5,Kristy Warren,fulleremma@example.com,68178.56
314bddb9-2c43-413b-96d1-d315a59d3253,Jasmine Stevens,devin08@example.net,80705.89
a8ebb701-5692-4c2a-9da9-357f4e3a0b93,Alan Clark,ymorris@example.net,76026.79
f65b27bb-beb0-4ce7-b8ad-65f28e91fccb,John Martin,jonathanrobinson@example.net,99062.72
11117af0-7388-484b-85e7-7dac673bbc7c,Christopher Cook,montgomeryjessica@example.net,74949.57
dea20ec9-2c4d-4073-89a1-230489369d12,Bradley Anderson,john09@example.net,90672.29
16736d20-6c4d-49ee-9bdb-a4f74ccfcffd,Anthony Patterson,craigblair@example.org,21404.38
5fb4d327-db8e-461b-9191-1e8ecdf0fc45,Jennifer Anderson,jamescrawford@example.com,54006.21
cf708001-8c3a-4f98-9c93-520f030fe0c2,Victoria Miller,lindsayduncan@example.net,60262.81
550b7097-1edc-4731-ba6f-d8daed40fae7,Kerri Taylor,jonesoscar@example.org,82743.97
7b20db2e-1dd7-4eab-af48-07c35397ae39,Jessica Harrison,cooperjennifer@example.com,48739.14
e884ef75-50e6-4312-b680-983bd78016c4,Stephanie Martin,mjohnson@example.com,79312.98
7ca87fd6-a5e6-4172-9f8b-8b6f12a4d8fe,Jose Coleman,riceandrew@example.net,39468.32
1d647f9e-f10a-4223-beee-24c164e728e9,Dennis Reed,nicole44@example.com,59052.46
0313fea3-51eb-4571-b147-b857d2323e1f,Olivia Miller,qgarrett@example.com,85280.34
1a8d419f-4187-45ac-975d-3bfa788614dc,Joshua Lopez,gmendoza@example.com,80007.89
3710bb9d-10d3-4d46-ae5b-7bfa920cd024,Katrina Bell,erica66@example.org,66041.47
39596d9e-2e00-4331-8dff-dbcbf99f30fc,Mr. Justin King,lwilliams@example.com,1023.83
a2d74010-ee95-4c4e-8784-385b04960bb3,William Stewart,kaufmancraig@example.org,19014.92
8e54bc4d-fbc5-4b31-aad8-581513bdd036,Danielle Solis,hallrobert@example.org,51178.92
6d11ceb8-8f89-4cf5-aa07-13edd021f5ab,Victor Vang,cjones@example.net,26191.48
08afcd36-2cb9-487c-ab3f-905bf13ac17d,Robert Contreras,fsullivan@example.org,7496.46
1461c49a-6026-4258-bb6d-ddc4b09a620a,Dustin Morris,jenniferstewart@example.net,86128.46
88e1458e-724a-4276-b609-d40fcf392709,Garrett Chandler,shawn61@example.org,94351.76
2f937d60-3fe2-483b-bc96-d2d814d8ce23,Gregory Benton,daviskaren@example.com,30977.68
fd3d464e-d4b4-417c-b523-a653e991de56,Samantha Moore,portiz@example.com,41399.24
92531629-630d-4441-aafa-74ea9a64f024,Amanda Montgomery,samantha06@example.org,81193.72
874928b6-a098-4b59-8991-9191834d3077,Kevin Villarreal,dianatyler@example.com,7163.62
84c12f9e-6e21-4f5f-96ef-4a61a0ff3346,Maria Williams,xgarcia@example.org,64457.5
80de9a2d-b2a1-44f1-af70-6eeb845fdbdb,Charles Gibson,natalie02@example.net,13604.76
083ed400-a5e3-4c6d-9648-bfc8dc4b3097,April Johnston,valerie21@example.net,29421.75
00181afa-4688-48e9-b07e-59db9dd6c074,Caitlin Nunez,igregory@example.org,83164.13
41fef37a-b1ff-44fb-9610-49d8802cd9c8,Tami Molina,lacevedo@example.net,6497.18
537884db-a474-439e-b342-c9208ec8ee10,Michael Mccarty,richardhaas@example.net,4557.45
a54a14fd-bcab-428b-89ea-ad29288af4d5,Kimberly Scott,phillipflores@example.net,42368.74
b340825a-cbe6-4b0b-a2a1-cf3746df06c1,Ashley Martinez,hkirk@example.com,49691.26
0956f971-b408-4eee-926a-1b16df6b0935,Michael Cobb,khoward@example.org,86469.19
f9c3df21-656f-4ce7-8814-8fde8f06fc2b,Mrs. Deanna Scott,calvin12@example.com,72001.69
ca36fedd-5fd1-4876-8289-e6e289353507,David Campbell,ryanmiller@example.com,67680.84
0f77a436-7cf3-48e9-8b45-9a301ef00775,Tara Lewis MD,amberzimmerman@example.com,15986.0
382fc72b-0968-4c9b-9d41-9e1105e65e7e,Regina Walsh,leslieriggs@example.org,98683.89
3b948e2c-2a6d-458d-a3c4-be6ad0d981fd,Michael Harris,tiffanythomas@example.org,41702.88
37380e3a-d7a3-4d19-9f94-1632e9ac8458,Cindy Sweeney,natalie55@example.net,61565.32
32e69d96-e439-4f8c-bb35-3c096a38987c,Melissa Bell,kturner@example.com,39281.62
912257e6-a6f6-48be-93d7-f2b84b388937,William Johnston,murillokristina@example.org,5656.26
f522cdb9-9145-4ef6-be25-ecf459cf5e0d,Kelly Martinez,crobinson@example.org,47618.03
93650246-fbf5-4401-ac65-a3398cd2f475,Philip Bryant,lisagreen@example.org,15985.41
e50f68a4-289f-42c3-8de0-e5c1b5c2cc7a,Ms. Catherine Johnson,award@example.org,4214.08
c5efdcc4-dd6e-4787-a3c6-0aaeb7601be0,Amanda Cruz,ashley01@example.com,62122.64
9f9886b3-7200-40dd-a6cb-8665b9a5ff8f,Jasmine Hurst,davidsonantonio@example.org,63366.66
6841268f-caf3-4661-bd1f-be9441a6ee00,Heather Mullen,paul93@example.net,11423.99
4a0a90de-488a-4975-a332-1c76c11187b5,Kristin Jimenez,brandon41@example.com,55365.23
6c4d0aea-e4dc-4f9a-8469-ed324c803057,Christine Gardner,ggonzalez@example.net,35320.13
b55ca485-4807-4967-8f94-306c82b0a37f,Eric Davila,devinschmidt@example.com,38957.99
0e0aaa56-b431-44b6-8b63-027741a7e6ec,Teresa Kennedy,zunigalatoya@example.com,77865.57
11d61d40-d041-4dd0-98d1-ae48a6571b3e,Samuel Miles,amberabbott@example.org,49541.65
9fc827ce-b9e2-4eed-b93d-e95fbb4016e2,Rodney Lopez,booneholly@example.org,88246.38
db6ab2ed-3540-46e8-9ce7-ccffc39343da,Tiffany Benitez,sosaadam@example.com,61401.85
bfaf501a-0730-47d2-b22d-2e59bb4b1fd6,Jonathan Williams,lisastephens@example.com,47251.65
72f1d6d2-9ea7-4a4e-9b7e-3a4e0a5b5710,Anna Jennings,mgonzales@example.com,63598.95
0ddcd160-ea27-4bf0-8527-ca808d584961,Joe Francis DVM,lmiranda@example.com,34448.67
a1464415-d1f1-4d11-bb11-e22872ec488f,Jade Alvarado,lauren30@example.com,13308.06
b0194d92-6310-4d7d-a029-bf738d0dece5,Jessica Campbell,richardmiles@example.net,68570.43
848632df-2a01-4f55-ab67-4ef59196792a,Theresa Sullivan,ilong@example.com,62581.71
0e60d448-d43a-409e-9dfa-5c67fc9af87b,Alan Morgan,plarsen@example.net,79068.08
bda62534-c2d9-4c1f-bd2b-3dec1273bb36,Erin Barnes,timothy44@example.com,13583.8
f46a391c-40b2-478a-8beb-829d9f359084,Matthew Tyler,hodgecorey@example.net,91266.55
4c0e09d3-0282-4ac7-9e76-5765995a326a,Omar Nguyen,francisco31@example.com,80134.78
915494bd-3d41-4acd-bcb1-c8cfc8cadeb4,Angel Chen,williamscrystal@example.net,91771.85
60b74e77-9728-421b-bc4a-92d1f0512256,Brandi Wright,miguel83@example.net,87380.94
21a3a142-a1b5-4ee0-9693-3b246b035666,Brandy Mason,davisrebecca@example.com,68419.64
d90114be-1b3e-4466-ad43-b64d5b447c9b,Amy James,beckercourtney@example.net,81214.83
05ae3521-b773-484b-8fd8-bd33a27c43f8,Laura Schaefer,phuang@example.com,52381.72
62c3653e-dad1-42cd-a066-adcf444679a0,Felicia Lee,joseph19@example.org,78763.43
d92c80af-2d90-4c70-81e8-002c253ccb33,Lisa Tran,cameronthomas@example.com,19723.62
074ded8b-0abf-4333-9775-b945b30489ea,Tiffany Romero,ebennett@example.org,78429.3
d5ec366c-8f80-4443-9d8d-06fcfbd2eb43,David Hodge,ereyes@example.net,45013.38
76a144e1-feb7-4695-8c42-963170e08264,Benjamin Frank,christine27@example.net,75905.01
a133cb15-6290-4b4a-9c01-0ed8618c6fee,Christina Calderon,dsanders@example.org,46091.55
2f8d4d6b-c601-465e-a822-69e92e09198c,David Nichols,garylogan@example.org,79166.31
874162a9-95cc-4193-8ab3-d2208788c986,Bobby Holmes,terrynancy@example.net,8458.62
456483d7-0854-4908-970a-c89d27681631,Michael Graves,joshua49@example.com,5419.45
22a73183-22cd-4db7-bfb8-c6522bd7a5ee,Donald Keith,cprince@example.com,93494.67
5e16e82e-0d96-42d3-b24a-49719ca15b25,Morgan Russell,michaelnelson@example.net,49130.34
f4cc6da3-3b6b-4570-b9d0-ac32f3b15da6,Phillip Burch,moodyjulia@example.org,90206.07
825eaf85-5810-4ba1-9bae-5f28fe754080,Melinda Harris,rreynolds@example.net,94533.54
39ed5a14-16a2-46a4-8a1b-57c191f073c1,Julie Smith,whammond@example.com,66984.6
ee620e93-b44d-4804-a704-8d11d960cd75,Katherine Ford,alan24@example.com,57607.89
755b9b88-4682-494f-b282-399cffb68bbf,Cathy Rodriguez,vproctor@example.net,22381.96
9bcfcf3d-a8e9-4a8f-8bca-7c865bd664bf,Melissa Richards,phampatrick@example.org,10254.15
7c7ba56e-3dc1-4f2f-a550-8a0fda3454af,Nicole Davis,sandywilcox@example.com,82120.03
2ccfc697-1303-43f1-a9f6-b92c73c8e403,Erica May,donald51@example.org,88988.43
b61baed8-7524-44ed-8fef-c8ef91f61b10,Nicole Pearson,pbutler@example.org,78160.18
8c848a9e-270c-4a2b-b538-62d2c247d74a,Brian Hanson,steven31@example.org,70151.74
ac00ed44-3172-45cb-9ad7-88f0b5650d81,Erin Molina,jose93@example.net,42591.0
f1903f34-edd4-4479-8a74-00620d6f2014,James Hayden,vjohnson@example.com,31225.85
1cec512f-7e19-48e0-88d0-e0d7cb5992ea,Adam Mcfarland,christina33@example.com,12231.04
2ef77462-4ac2-4040-86cd-23cb1ee325da,Shelby Marsh,tonyabolton@example.net,43171.05
a4d43336-2b73-4030-b80e-cef552e82b80,Betty Weeks,lee11@example.net,57035.28
654e7ceb-c461-4cdb-bd28-a1b6be4a984f,Henry Cole MD,larry57@example.net,92365.18
fe55d3b2-0ac0-4127-8ebb-b1293ee40791,Nicole Oneill,ashley08@example.com,93639.72
8139f405-3ce8-4663-8f99-a73b8dfdaa38,Jacob Elliott,richardcastillo@example.com,42148.48
e403320f-1fdb-4b72-9f69-52f496ba004c,John Martin,linda91@example.com,10821.89
94cf43a6-123a-4135-958c-bfd137caa27d,Mark Mckinney,dominic11@example.net,77608.05
b808cb37-329c-4c6b-b592-dacc9a1913c0,David Cruz,jonesadam@example.net,73693.65
587f00e0-1166-4862-8b69-7dfc1b2fcc20,John Martinez,cody08@example.net,4039.38
93f39d38-f287-4776-af38-c63dafac7b56,Nathan Thompson,brittneycross@example.net,45225.14
8e3be9b2-dde4-460a-8f9a-eccbe3e7442b,Rebecca Lambert,ashley09@example.net,68955.39
ccece076-42f4-4532-b5be-808276e183d6,Dr. Cindy Schwartz PhD,kevin99@example.org,3983.29
33857f3c-bc89-476e-ac35-f6b5360fa45d,Shaun Johnson,patricia26@example.net,92008.95
4dd76934-1dab-4009-a504-922baafcc902,Benjamin Lewis,moorelauren@example.org,96262.01
1105e846-99f3-40c9-8fc3-2fd3f2e0025f,Brooke Lewis,lee23@example.com,72531.73
94e1bbc6-ac78-433e-a998-7c8e9f67784d,Barbara Murphy,kimberly35@example.com,8775.32
eb3028fa-ea6d-4406-a4a1-7e15e14a8feb,Andrea Terrell,brittany46@example.com,7962.62
248d122c-4420-4779-80a0-cb756d820a15,Steven Jones,thomasjustin@example.net,36566.08
